"id";"категория";"ловушка";"вопрос";"эталон";"ответ_М1_первичный";"оценка_М1";"ответ_М2_первичный";"оценка_М2";"консенсус_1_раунда";"уточнение";"итоговый_ответ";"оценка_способа";"расхождений_в_протоколе";"статус_протокола";"арбитр";"длит_мс"
"П1";"Д1";"нет";"Вычислите: 317 × 246.";"77982";"317 × 246 = 77 982.";"верно";"Произведение чисел 317 и 246 равно 77 982.";"верно";"да";"нет";"317 × 246 = 77 982.";"верно";"0";"консенсус";"М1";"5779"
"П2";"Д1";"нет";"Вычислите: 428 × 513.";"219564";"428 × 513 = 219 564.";"верно";"Произведение чисел 428 и 513 равно 219 564.";"верно";"да";"нет";"219 564";"верно";"0";"консенсус";"М2";"7064"
"П3";"Д1";"нет";"Вычислите: 639 × 274.";"175086";"639 × 274 = 175 086.";"верно";"Произведение чисел 639 и 274 равно 175 086.";"верно";"да";"нет";"639 × 274 = 175 086.";"верно";"0";"консенсус";"М1";"6275"
"П4";"Д1";"нет";"Вычислите: 186 × 947.";"176142";"186 × 947 = 176 142.";"верно";"186 × 947 = 176 142.";"верно";"да";"нет";"176 142";"верно";"0";"консенсус";"М2";"5542"
"П5";"Д1";"нет";"Вычислите: 753 × 268.";"201804";"753 × 268 = 201 804.";"верно";"753 × 268 = 201 804.";"верно";"да";"нет";"753 × 268 = 201 804.";"верно";"0";"консенсус";"М1";"4747"
"П6";"Д1";"нет";"Вычислите: 394 × 617.";"243098";"394 × 617 = 243 098.";"верно";"394 × 617 = 243 098.";"верно";"да";"нет";"243 098";"верно";"0";"консенсус";"М2";"6517"
"П7";"Д1";"нет";"Вычислите: 562 × 839.";"471518";"562 × 839 = 471,518.";"верно";"562 × 839 = 471 518.";"верно";"да";"нет";"562 × 839 = 471 518";"верно";"0";"консенсус";"М1";"6853"
"П8";"Д1";"нет";"Вычислите: 271 × 468.";"126828";"271 × 468 = 126,828.";"верно";"Произведение чисел 271 и 468 равно 126 828.";"верно";"да";"нет";"126 828";"верно";"0";"консенсус";"М2";"10315"
"П9";"Д1";"нет";"Вычислите: 845 × 379.";"320255";"845 × 379 = 320 255.";"верно";"Произведение 845 и 379 равно 320 255.";"верно";"да";"нет";"845 × 379 = 320 255.";"верно";"0";"консенсус";"М1";"5124"
"П10";"Д1";"нет";"Вычислите: 417 × 296.";"123432";"417 × 296 = 123 432.";"верно";"Результат умножения 417 на 296 равен 123 432.";"верно";"да";"нет";"123 432";"верно";"0";"консенсус";"М2";"7213"
"П11";"Д1";"нет";"Вычислите: 683 × 524.";"357892";"683 × 524 = 357 892.";"верно";"Произведение 683 и 524 равно 357 892.";"верно";"да";"нет";"683 × 524 = 357 892";"верно";"0";"консенсус";"М1";"4684"
"П12";"Д1";"нет";"Вычислите: 358 × 761.";"272438";"358 × 761 = 272 438.";"верно";"358 × 761 = 272 438.";"верно";"да";"нет";"272 438";"верно";"0";"консенсус";"М2";"6001"
"П13";"Д1";"нет";"Найдите наибольший общий делитель чисел 1274 и 882.";"98";"НОД(1274, 882) = 98.   Разложение: 1274 = 2 × 7² × 13, 882 = 2 × 3² × 7². Общие множители: 2 × 7² = 98.";"верно";"Наибольший общий делитель чисел 1274 и 882 равен 98.";"верно";"да";"нет";"НОД(1274, 882) = 98";"верно";"0";"консенсус";"М1";"6772"
"П14";"Д1";"нет";"Найдите наибольший общий делитель чисел 2310 и 1365.";"105";"НОД(2310, 1365) = 105.   Разложение: 2310 = 2·3·5·7·11, 1365 = 3·5·7·13. Общие множители: 3·5·7 = 105.";"верно";"Наибольший общий делитель чисел 2310 и 1365 равен 105.";"верно";"да";"нет";"НОД(2310, 1365) = 105.";"верно";"0";"консенсус";"М2";"8060"
"П15";"Д1";"нет";"Найдите наибольший общий делитель чисел 1071 и 819.";"63";"НОД(1071, 819) = 21.   Проверка: 1071 = 21 × 51, 819 = 21 × 39.";"НЕВЕРНО";"Наибольший общий делитель чисел 1071 и 819 равен 51.";"НЕВЕРНО";"нет";"да";"НОД(1071, 819) = 63.";"верно";"1";"консенсус";"М1";"12354"
"П16";"Д1";"нет";"Найдите наибольший общий делитель чисел 1848 и 1560.";"24";"НОД(1848, 1560) = 24.";"верно";"Наибольший общий делитель чисел 1848 и 1560 равен 24.";"верно";"да";"нет";"НОД(1848, 1560) = 24.";"верно";"0";"консенсус";"М2";"6840"
"П17";"Д1";"нет";"Найдите наибольший общий делитель чисел 2436 и 1044.";"348";"НОД(2436, 1044) = 348.   Разложение: 2436 = 2²·3·7·29, 1044 = 2²·3²·29, общие множители — 2²·3·29 = 348.";"верно";"Наибольший общий делитель чисел 2436 и 1044 равен 12.";"НЕВЕРНО";"нет";"да";"НОД(2436, 1044) = 348.";"верно";"0";"консенсус";"М1";"10868"
"П18";"Д1";"нет";"Найдите наибольший общий делитель чисел 1755 и 1235.";"65";"НОД(1755, 1235) = 65.   (1755 = 65 × 27, 1235 = 65 × 19).";"верно";"Наибольший общий делитель чисел 1755 и 1235 равен 5.";"НЕВЕРНО";"нет";"да";"НОД(1755, 1235) = 65.";"верно";"0";"консенсус";"М2";"16726"
"П19";"Д1";"нет";"Сколькими нулями оканчивается число 22! (факториал числа 22)?";"4";"Число нулей в конце факториала определяется количеством множителей 5 в его разложении (так как двоек всегда больше).   Для 22! это: 22 ÷ 5 = 4 (остаток 2), значит, ровно 4 нуля.   **Ответ: 4.**";"НЕВЕРНО";"Число 22! оканчивается четырьмя нулями.";"верно";"да";"нет";"Число 22! оканчивается 4 нулями.";"верно";"0";"консенсус";"М1";"10079"
"П20";"Д1";"нет";"Сколькими нулями оканчивается число 26! (факториал числа 26)?";"6";"Число нулей в конце факториала определяется количеством множителей 5 в его разложении (так как двоек всегда больше).   Считаем: 26 ÷ 5 = 5, 26 ÷ 25 = 1, итого 5 + 1 = 6.   Ответ: 6 нулей.";"НЕВЕРНО";"Число 26! оканчивается 6 нулями. Количество нулей определяется суммой целых частей от деления 26 на 5, 25 и 125: $5 + 1 + 0 = 6$.";"верно";"да";"нет";"6 нулей";"верно";"0";"консенсус";"М2";"8421"
"П21";"Д1";"нет";"Сколькими нулями оканчивается число 28! (факториал числа 28)?";"6";"Число нулей в конце 28! определяется количеством пятёрок в его разложении на простые множители.   Считаем: 28 ÷ 5 = 5, 28 ÷ 25 = 1, итого 5 + 1 = 6.    Ответ: 6 нулей.";"НЕВЕРНО";"Число 28! оканчивается шестью нулями.";"верно";"да";"нет";"Число 28! оканчивается 6 нулями.";"верно";"0";"консенсус";"М1";"6992"
"П22";"Д1";"нет";"Сколькими нулями оканчивается число 31! (факториал числа 31)?";"7";"Число 31! оканчивается на 7 нулей. Это определяется количеством множителей 5 в разложении: 31 ÷ 5 = 6, 31 ÷ 25 = 1, итого 6 + 1 = 7.";"верно";"Число 31! оканчивается семью нулями.";"верно";"да";"нет";"Число 31! оканчивается на 7 нулей.";"верно";"0";"консенсус";"М2";"7249"
"П23";"Д1";"нет";"Сколькими нулями оканчивается число 34! (факториал числа 34)?";"7";"Число нулей в конце факториала определяется количеством множителей 5 в его разложении (так как двоек всегда больше).   Считаем: 34 ÷ 5 = 6 (целых), 34 ÷ 25 = 1 (целых). Итого 6 + 1 = 7.   Ответ: 7 нулей.";"НЕВЕРНО";"Число 34! оканчивается семью нулями. Количество нулей определяется количеством пар множителей 2 и 5, а поскольку пятерок в разложении меньше, чем двоек, достаточно посчитать количество кратных 5, 25 и т. д.: $\lfloor34/5\rfloor + \lfloor34/25\rfloor = 6 + 1 = 7$.";"НЕВЕРНО";"да";"нет";"Число 34! оканчивается 7 нулями.";"верно";"0";"консенсус";"М1";"6408"
"П24";"Д1";"нет";"Какой день недели был 12.04.1961?";"среда";"12 апреля 1961 года была среда.";"верно";"12 апреля 1961 года была среда.";"верно";"да";"нет";"12 апреля 1961 года была среда.";"верно";"0";"консенсус";"М2";"6825"
"П25";"Д1";"нет";"Какой день недели был 01.01.2000?";"суббота";"1 января 2000 года была суббота.";"верно";"1 января 2000 года была суббота.";"верно";"да";"нет";"1 января 2000 года была суббота.";"верно";"0";"консенсус";"М1";"5373"
"П26";"Д1";"нет";"Какой день недели был 31.12.1999?";"пятница";"31 декабря 1999 года была пятница.";"верно";"31 декабря 1999 года была пятница.";"верно";"да";"нет";"31 декабря 1999 года была пятница.";"верно";"0";"консенсус";"М2";"6172"
"П27";"Д1";"нет";"Какой день недели был 19.08.1991?";"понедельник";"19 августа 1991 года был понедельник.";"верно";"19 августа 1991 года был понедельник.";"верно";"да";"нет";"19 августа 1991 года был понедельник.";"верно";"0";"консенсус";"М1";"4524"
"П28";"Д1";"нет";"Какой день недели был 08.03.1917?";"четверг";"8 марта 1917 года был четверг.";"верно";"Четверг.";"верно";"нет";"да";"8 марта 1917 года был четверг.";"верно";"0";"консенсус";"М2";"12622"
"П29";"Д1";"нет";"Запишите слово ""библиотека"" задом наперёд.";"акетоилбиб";"акитолибиб";"НЕВЕРНО";"акотелиб";"НЕВЕРНО";"нет";"да";"акитолибиб";"НЕВЕРНО";"1";"частичное_расхождение";"М1";"13002"
"П30";"Д1";"нет";"Запишите слово ""паровоз"" задом наперёд.";"зоворап";"""зоворап""";"верно";"зоворап";"верно";"да";"нет";"зоворап";"верно";"0";"консенсус";"М2";"10042"
"П31";"Д1";"нет";"Запишите слово ""снегопад"" задом наперёд.";"дапогенс";"дапогенс";"верно";"дапогонс";"НЕВЕРНО";"нет";"да";"дапогенс";"верно";"1";"частичное_расхождение";"М1";"6786"
"П32";"Д1";"нет";"Запишите слово ""квартал"" задом наперёд.";"латравк";"латравк";"верно";"латравк";"верно";"да";"нет";"латравк";"верно";"0";"консенсус";"М2";"5425"
"П33";"Д1";"нет";"Запишите слово ""минерал"" задом наперёд.";"лареним";"ларониМ.";"НЕВЕРНО";"лареним";"верно";"нет";"да";"лароним";"НЕВЕРНО";"1";"консенсус";"М1";"10014"
"П34";"Д1";"нет";"Сколько раз буква ""о"" встречается в слове ""обороноспособность""?";"7";"В слове «обороноспособность» буква «о» встречается 5 раз.";"НЕВЕРНО";"Буква «о» встречается в слове «обороноспособность» 6 раз.";"НЕВЕРНО";"нет";"да";"В слове «обороноспособность» буква «о» встречается 7 раз.";"верно";"0";"консенсус";"М2";"12449"
"П35";"Д1";"нет";"Сколько раз буква ""е"" встречается в слове ""параллелепипед""?";"3";"В слове «параллелепипед» буква «е» встречается 3 раза.";"верно";"Буква «е» встречается в слове «параллелепипед» 2 раза.";"НЕВЕРНО";"нет";"да";"Буква «е» встречается в слове «параллелепипед» 3 раза.";"верно";"1";"консенсус";"М1";"8945"
"П36";"Д1";"нет";"Сколько раз буква ""е"" встречается в слове ""землетрясение""?";"4";"В слове «землетрясение» буква «е» встречается 4 раза.";"верно";"Буква «е» встречается в слове «землетрясение» 2 раза.";"НЕВЕРНО";"нет";"да";"В слове «землетрясение» буква «е» встречается 4 раза.";"верно";"0";"консенсус";"М2";"12739"
"П37";"Д1";"нет";"Сколько раз буква ""н"" встречается в слове ""единомышленники""?";"3";"В слове «единомышленники» буква «н» встречается 3 раза.";"верно";"Буква «н» встречается в слове «единомышленники» 3 раза.";"верно";"да";"нет";"В слове «единомышленники» буква «н» встречается 3 раза.";"верно";"0";"консенсус";"М1";"5429"
"П38";"Д1";"нет";"Сколько раз буква ""о"" встречается в слове ""воспроизводительность""?";"4";"В слове «воспроизводительность» буква «о» встречается 4 раза.";"верно";"Буква «о» встречается в слове «воспроизводительность» 4 раза.";"верно";"да";"нет";"В слове «воспроизводительность» буква «о» встречается 4 раза.";"верно";"0";"консенсус";"М2";"7688"
"П39";"Д1";"нет";"Сколько раз буква ""п"" встречается в слове ""переподготовка""?";"2";"В слове «переподготовка» буква «п» встречается 3 раза.";"НЕВЕРНО";"Буква «п» встречается в слове «переподготовка» 3 раза.";"НЕВЕРНО";"да";"нет";"В слове «переподготовка» буква «п» встречается 3 раза.";"НЕВЕРНО";"0";"консенсус";"М1";"5185"
"П40";"Д1";"нет";"Сколько раз буква ""о"" встречается в слове ""скороговорка""?";"4";"В слове «скороговорка» буква «о» встречается 3 раза.";"НЕВЕРНО";"Буква «о» встречается в слове «скороговорка» 2 раза.";"НЕВЕРНО";"нет";"да";"В слове «скороговорка» буква «о» встречается 3 раза.";"НЕВЕРНО";"0";"консенсус";"М2";"10613"
"П41";"Д1";"нет";"Что больше: 2 в степени 10 или 10 в степени 3?";"2^10 = 1024 больше";"2 в степени 10 (1024) больше, чем 10 в степени 3 (1000).";"верно";"$2^{10} = 1024$, что больше, чем $10^3 = 1000$. Следовательно, $2^{10}$ больше.";"верно";"да";"нет";"2 в степени 10 (1024) больше, чем 10 в степени 3 (1000).";"верно";"0";"консенсус";"М1";"8273"
"П42";"Д1";"нет";"Верно ли, что сумма углов любого треугольника равна 180 градусам?";"верно, 180";"Да, в евклидовой геометрии сумма внутренних углов любого треугольника всегда равна 180 градусам. Это фундаментальная теорема, которая не выполняется в неевклидовых геометриях (например, на сфере или в гиперболическом пространстве).";"верно";"Нет, это утверждение верно только в евклидовой геометрии. В неевклидовых геометриях (например, на сфере или гиперболической плоскости) сумма углов треугольника может быть соответственно больше или меньше 180 градусов.";"НЕВЕРНО";"нет";"да";"Утверждение верно только в евклидовой геометрии. В неевклидовых геометриях (например, на сфере или гиперболической плоскости) сумма углов треугольника может быть больше или меньше 180 градусов.";"верно";"0";"консенсус";"М2";"19946"
"П43";"Д1";"нет";"Если сегодня среда, какой день будет через 100 дней?";"пятница";"Через 100 дней будет пятница (так как 100 дней = 14 недель + 2 дня, среда + 2 дня = пятница).";"верно";"Через 100 дней будет пятница, так как 100 дней — это 14 недель и 2 дня (среда + 2 дня).";"верно";"да";"нет";"Через 100 дней будет пятница (100 дней = 14 недель + 2 дня, среда + 2 дня = пятница).";"верно";"0";"консенсус";"М1";"10294"
"П44";"Д1";"нет";"Число 289 является квадратом какого целого числа?";"17";"Число 289 является квадратом числа 17, так как 17 × 17 = 289.";"верно";"Число 289 является квадратом числа 17, так как 17 × 17 = 289.";"верно";"да";"нет";"Число 289 является квадратом числа 17.";"верно";"0";"консенсус";"М2";"11296"
"П45";"Д1";"нет";"Сколько секунд в 2,5 часа?";"9000";"В 2,5 часах ровно 9000 секунд (2,5 × 3600 = 9000).";"верно";"В 2,5 часах содержится 9000 секунд.";"верно";"да";"нет";"В 2,5 часах ровно 9000 секунд.";"верно";"0";"консенсус";"М1";"5391"
"Ф1";"Д2";"нет";"Назовите столицу Канады.";"Оттава";"Столица Канады — Оттава.";"верно";"Столица Канады — Оттава.";"верно";"да";"нет";"Столица Канады — Оттава.";"верно";"0";"консенсус";"М2";"6327"
"Ф2";"Д2";"нет";"Назовите столицу Бразилии.";"Бразилиа";"Столица Бразилии — город Бразилиа.";"верно";"Столица Бразилии — город Бразилиа.";"верно";"да";"нет";"Столица Бразилии — город Бразилиа.";"верно";"0";"консенсус";"М1";"5534"
"Ф3";"Д2";"нет";"Назовите столицу Турции.";"Анкара";"Столица Турции — Анкара.";"верно";"Столица Турции — Анкара.";"верно";"да";"нет";"Столица Турции — Анкара.";"верно";"0";"консенсус";"М2";"10039"
"Ф4";"Д2";"нет";"Назовите столицу Швейцарии.";"Берн";"Столица Швейцарии — Берн (де-факто, так как официально в стране нет формальной столицы).";"верно";"Столица Швейцарии — Берн.";"верно";"нет";"да";"Столица Швейцарии — Берн (де-факто, так как официально в стране нет формальной столицы).";"верно";"0";"консенсус";"М1";"11148"
"Ф5";"Д2";"нет";"Какой химический элемент обозначается символом Au?";"золото";"Символом Au обозначается золото (лат. Aurum).";"верно";"Символ Au обозначает химический элемент золото (латинское название *Aurum*).";"верно";"да";"нет";"Символом Au обозначается золото (лат. Aurum).";"верно";"0";"консенсус";"М2";"11869"
"Ф6";"Д2";"нет";"Какой химический элемент обозначается символом Fe?";"железо";"Символ Fe обозначает химический элемент железо (лат. Ferrum).";"верно";"Химический элемент, обозначаемый символом Fe, — это железо.";"верно";"да";"нет";"Символ Fe обозначает химический элемент железо (лат. Ferrum).";"верно";"0";"консенсус";"М1";"5558"
"Ф7";"Д2";"нет";"Сколько хромосом в соматической клетке человека?";"46";"В соматической клетке человека содержится 46 хромосом (23 пары).";"верно";"В соматической клетке человека содержится 46 хромосом, которые образуют 23 пары.";"верно";"да";"нет";"В соматической клетке человека содержится 46 хромосом (23 пары).";"верно";"0";"консенсус";"М2";"8215"
"Ф8";"Д2";"нет";"Сколько камер в сердце человека?";"4";"В сердце человека четыре камеры: два предсердия и два желудочка.";"НЕВЕРНО";"В анатомии сердца человека выделяют четыре камеры: два предсердия и два желудочка.";"НЕВЕРНО";"да";"нет";"В сердце человека четыре камеры: два предсердия и два желудочка.";"НЕВЕРНО";"0";"консенсус";"М1";"5635"
"Ф9";"Д2";"нет";"Сколько молочных зубов у ребёнка?";"20";"У ребёнка 20 молочных зубов.";"верно";"У ребёнка обычно 20 молочных зубов: по 10 на каждой челюсти.";"верно";"нет";"да";"У ребёнка обычно 20 молочных зубов: по 10 на каждой челюсти.";"верно";"0";"консенсус";"М2";"10342"
"Ф10";"Д2";"нет";"Какое озеро является самым глубоким в мире?";"Байкал";"Самым глубоким озером в мире является озеро Байкал, расположенное в России. Его максимальная глубина составляет около 1642 метров.";"верно";"Самым глубоким озером в мире является Байкал, его максимальная глубина составляет 1642 метра.";"верно";"да";"нет";"Самым глубоким озером в мире является озеро Байкал в России, его максимальная глубина составляет около 1642 метров.";"верно";"0";"консенсус";"М1";"5941"
"Ф11";"Д2";"нет";"Какая гора является высочайшей над уровнем моря?";"Эверест";"Высочайшей горой над уровнем моря является Джомолунгма (Эверест), её вершина достигает 8848,86 метра. Она расположена в Гималаях на границе Непала и Китая.";"верно";"Высочайшей горой над уровнем моря является Эверест (Джомолунгма) высотой 8848,86 метра.";"верно";"нет";"да";"Высочайшей горой над уровнем моря является Джомолунгма (Эверест) высотой 8848,86 метра, расположенная в Гималаях на границе Непала и Китая.";"верно";"0";"консенсус";"М2";"12563"
"Ф12";"Д2";"нет";"В каком году произошло Крещение Руси?";"988";"Крещение Руси произошло в 988 году при князе Владимире Святославиче.";"верно";"Крещение Руси традиционно датируется 988 годом, когда князь Владимир Святославич принял решение крестить киевлян.";"верно";"да";"нет";"Крещение Руси произошло в 988 году при князе Владимире Святославиче.";"верно";"0";"консенсус";"М1";"7123"
"Ф13";"Д2";"нет";"В каком году состоялась Куликовская битва?";"1380";"Куликовская битва состоялась в 1380 году.";"верно";"Куликовская битва состоялась 8 сентября 1380 года.";"верно";"нет";"да";"Куликовская битва состоялась 8 сентября 1380 года.";"верно";"0";"консенсус";"М2";"9956"
"Ф14";"Д2";"нет";"В каком году завершилась Вторая мировая война?";"1945";"Вторая мировая война завершилась в 1945 году.";"верно";"Вторая мировая война завершилась 2 сентября 1945 года после подписания акта о капитуляции Японии.";"верно";"нет";"да";"Вторая мировая война завершилась 2 сентября 1945 года подписанием акта о капитуляции Японии.";"верно";"0";"консенсус";"М1";"8596"
"Ф15";"Д2";"нет";"В каком году состоялся первый полёт самолёта братьев Райт?";"1903";"Первый полёт самолёта братьев Райт состоялся 17 декабря 1903 года.";"верно";"Первый успешный полёт самолёта братьев Райт состоялся 17 декабря 1903 года.";"верно";"да";"нет";"Первый полёт самолёта братьев Райт состоялся 17 декабря 1903 года.";"верно";"0";"консенсус";"М2";"8903"
"Ф16";"Д2";"нет";"В каком году пала Берлинская стена?";"1989";"Берлинская стена пала 9 ноября 1989 года.";"верно";"Берлинская стена пала 9 ноября 1989 года.";"верно";"да";"нет";"Берлинская стена пала 9 ноября 1989 года.";"верно";"0";"консенсус";"М1";"5176"
"Ф17";"Д2";"нет";"В каком году прекратил существование СССР?";"1991";"СССР прекратил существование 26 декабря 1991 года, когда Совет Республик Верховного Совета СССР принял декларацию о прекращении существования Союза.";"верно";"СССР прекратил существование 26 декабря 1991 года, когда Совет Республик Верховного Совета СССР принял декларацию о роспуске Союза.";"верно";"да";"нет";"СССР прекратил существование 26 декабря 1991 года.";"верно";"0";"консенсус";"М2";"8481"
"Ф18";"Д2";"нет";"В каком году прошёл первый чемпионат мира по футболу?";"1930";"Первый чемпионат мира по футболу прошёл в 1930 году в Уругвае.";"верно";"Первый чемпионат мира по футболу прошёл в 1930 году в Уругвае.";"верно";"да";"нет";"Первый чемпионат мира по футболу прошёл в 1930 году в Уругвае.";"верно";"0";"консенсус";"М1";"5722"
"Ф19";"Д2";"нет";"В каком году родился А. С. Пушкин?";"1799";"Александр Сергеевич Пушкин родился в 1799 году (26 мая по старому стилю, 6 июня по новому).";"верно";"Александр Сергеевич Пушкин родился в 1799 году (26 мая по старому стилю или 6 июня по новому).";"верно";"да";"нет";"Александр Сергеевич Пушкин родился в 1799 году.";"верно";"0";"консенсус";"М2";"8577"
"Ф20";"Д2";"нет";"Кто автор романа в стихах ""Евгений Онегин""?";"Пушкин";"Автор романа в стихах «Евгений Онегин» — Александр Сергеевич Пушкин.";"верно";"Автором романа в стихах «Евгений Онегин» является Александр Сергеевич Пушкин.";"верно";"да";"нет";"Автор романа в стихах «Евгений Онегин» — Александр Сергеевич Пушкин.";"верно";"0";"консенсус";"М1";"6832"
"Ф21";"Д2";"нет";"Сколько симфоний написал Людвиг ван Бетховен?";"9";"Людвиг ван Бетховен написал 9 симфоний.";"верно";"Людвиг ван Бетховен написал 9 пронумерованных симфоний. Также ему принадлежат ранние «Боннские» симфонии (WoO 1 и другие), не вошедшие в основной официальный каталог.";"НЕВЕРНО";"нет";"да";"Людвиг ван Бетховен написал 9 пронумерованных симфоний, а также ранние «Боннские» симфонии (WoO 1 и другие), не входящие в основной каталог.";"НЕВЕРНО";"0";"консенсус";"М2";"14844"
"Ф22";"Д2";"нет";"Кто автор картины ""Чёрный квадрат""?";"Малевич";"Автор картины «Чёрный квадрат» — Казимир Малевич.";"верно";"Автором картины «Чёрный квадрат» является русский художник Казимир Малевич.";"верно";"да";"нет";"Автор картины «Чёрный квадрат» — Казимир Малевич.";"верно";"0";"консенсус";"М1";"4711"
"Ф23";"Д2";"нет";"Кто написал роман ""Преступление и наказание""?";"Достоевский";"Роман «Преступление и наказание» написал Фёдор Михайлович Достоевский.";"верно";"Роман «Преступление и наказание» написал русский писатель Фёдор Достоевский.";"верно";"да";"нет";"Роман «Преступление и наказание» написал Фёдор Михайлович Достоевский.";"верно";"0";"консенсус";"М2";"9225"
"Ф24";"Д2";"нет";"Какая планета Солнечной системы самая большая?";"Юпитер";"Самая большая планета Солнечной системы — Юпитер. Его масса более чем вдвое превышает массу всех остальных планет вместе взятых.";"верно";"Самая большая планета Солнечной системы — Юпитер. Ее масса более чем в два раза превышает массу всех остальных планет вместе взятых.";"верно";"да";"нет";"Самая большая планета Солнечной системы — Юпитер. Его масса более чем вдвое превышает массу всех остальных планет вместе взятых.";"верно";"0";"консенсус";"М1";"9050"
"Ф25";"Д2";"нет";"Какая планета ближайшая к Солнцу?";"Меркурий";"Ближайшая к Солнцу планета — Меркурий.";"верно";"Ближайшая к Солнцу планета — Меркурий. Она находится на среднем расстоянии около 58 миллионов километров от звезды.";"верно";"да";"нет";"Ближайшая к Солнцу планета — Меркурий. Она находится на среднем расстоянии около 58 миллионов километров от звезды.";"верно";"0";"консенсус";"М2";"6605"
"Ф26";"Д2";"нет";"Сколько спутников у Марса?";"2";"У Марса два естественных спутника — Фобос и Деймос.";"верно";"У Марса два естественных спутника: Фобос и Деймос.";"верно";"да";"нет";"У Марса два естественных спутника — Фобос и Деймос.";"верно";"0";"консенсус";"М1";"5720"
"Ф27";"Д2";"нет";"Чему примерно равна скорость света в вакууме в километрах в секунду?";"около 300 000";"Скорость света в вакууме равна ровно 299 792 километра в секунду (обычно округляют до 300 000 км/с).";"верно";"Скорость света в вакууме составляет примерно 299 792 километров в секунду.";"верно";"да";"нет";"Скорость света в вакууме равна 299 792 километров в секунду.";"верно";"0";"консенсус";"М2";"11999"
"Ф28";"Д2";"нет";"Сколько костей в скелете взрослого человека (приблизительно)?";"206";"В скелете взрослого человека обычно насчитывается 206 костей. Это число может немного варьироваться из-за индивидуальных анатомических особенностей.";"верно";"В скелете взрослого человека обычно насчитывается 206 костей.";"верно";"да";"нет";"В скелете взрослого человека обычно насчитывается 206 костей, это число может немного варьироваться в зависимости от индивидуальных анатомических особенностей.";"верно";"0";"консенсус";"М1";"7931"
"Ф29";"Д2";"нет";"Какой газ преобладает в атмосфере Земли?";"азот";"В атмосфере Земли преобладает азот (N₂), составляющий около 78% объёма. Кислород занимает второе место — примерно 21%.";"верно";"Преобладающим газом в атмосфере Земли является азот, составляющий около 78% её объема.";"верно";"нет";"да";"Преобладающим газом в атмосфере Земли является азот (около 78%), а второе место занимает кислород (примерно 21%).";"верно";"0";"консенсус";"М2";"14313"
"Ф30";"Д2";"нет";"Какой океан является самым большим по площади?";"Тихий";"Тихий океан — самый большой по площади, занимая около 178,7 млн км², что превышает площадь всей суши Земли.";"верно";"Самый большой по площади океан — Тихий. Он занимает около трети поверхности Земли и больше самого обширного материка более чем в 30 раз.";"верно";"нет";"да";"Тихий океан — самый большой по площади, его площадь составляет около 178,7 млн км², что превышает площадь всей суши Земли.";"верно";"0";"консенсус";"М1";"10908"
"Ф31";"Д2";"нет";"На каком материке расположена пустыня Сахара?";"Африка";"Пустыня Сахара расположена на материке Африка, в её северной части.";"верно";"Пустыня Сахара расположена в Северной Африке.";"верно";"да";"нет";"Пустыня Сахара расположена на материке Африка, в её северной части.";"верно";"0";"консенсус";"М2";"8654"
"Ф32";"Д2";"нет";"Какова температура кипения воды при нормальном атмосферном давлении в градусах Цельсия?";"100";"Температура кипения воды при нормальном атмосферном давлении (101,325 кПа) составляет 100 °C.";"верно";"Температура кипения воды при нормальном атмосферном давлении составляет 100 градусов Цельсия.";"верно";"да";"нет";"Температура кипения воды при нормальном атмосферном давлении (101,325 кПа) составляет 100 °C.";"верно";"0";"консенсус";"М1";"6831"
"Ф33";"Д2";"нет";"Сколько минут длится стандартный футбольный матч (основное время)?";"90";"Стандартный футбольный матч длится 90 минут (два тайма по 45 минут).";"верно";"Стандартный футбольный матч состоит из двух таймов по 45 минут, общая продолжительность основного времени составляет 90 минут.";"верно";"да";"нет";"Стандартный футбольный матч длится 90 минут (два тайма по 45 минут).";"верно";"0";"консенсус";"М2";"6489"
"Ф34";"Д2";"нет";"Сколько игроков одной команды находится на поле в футболе?";"11";"В футболе на поле одновременно находится 11 игроков одной команды, включая вратаря.";"верно";"На поле одновременно находятся 11 игроков одной команды, включая вратаря.";"верно";"да";"нет";"В футболе на поле одновременно находится 11 игроков одной команды, включая вратаря.";"верно";"0";"консенсус";"М1";"5030"
"Ф35";"Д2";"нет";"Сколько струн у классической гитары?";"6";"У классической гитары 6 струн.";"верно";"У классической гитары шесть струн.";"верно";"да";"нет";"У классической гитары 6 струн.";"верно";"0";"консенсус";"М2";"5558"
"Л1";"Д3";"да";"Сколько лет длилась Столетняя война?";"116 лет";"Столетняя война длилась 116 лет — с 1337 по 1453 год.";"верно";"Столетняя война длилась 116 лет, с 1337 по 1453 год.";"верно";"да";"нет";"Столетняя война длилась 116 лет, с 1337 по 1453 год.";"верно";"0";"консенсус";"М1";"5639"
"Л2";"Д3";"да";"Какого цвета ""чёрный ящик"" самолёта?";"оранжевого";"Чёрный ящик самолёта на самом деле ярко-оранжевый, чтобы его было легче найти на месте крушения. Название «чёрный» — историческое, из-за ранних моделей, которые были тёмными.";"верно";"Чёрный ящик обычно ярко-оранжевого цвета, чтобы его было легче обнаружить после авиакатастрофы.";"верно";"да";"нет";"Чёрный ящик самолёта на самом деле ярко-оранжевого цвета, чтобы его было легче найти на месте крушения. Название «чёрный» — историческое.";"верно";"0";"консенсус";"М2";"8374"
"Л3";"Д3";"да";"В каком году Лев Толстой получил Нобелевскую премию по литературе?";"не получал";"Лев Толстой никогда не получал Нобелевскую премию по литературе. Он был номинирован в 1902, 1903 и 1906 годах, но премия ему не присуждалась.";"верно";"Лев Толстой никогда не получал Нобелевскую премию по литературе, несмотря на неоднократное выдвижение.";"верно";"да";"нет";"Лев Толстой никогда не получал Нобелевскую премию по литературе, хотя был номинирован в 1902, 1903 и 1906 годах.";"верно";"0";"консенсус";"М1";"7510"
"Л4";"Д3";"да";"В каком году Никола Тесла получил Нобелевскую премию по физике?";"не получал";"Никола Тесла никогда не получал Нобелевскую премию по физике. В 1915 году он был номинирован, но премию разделили Уильям Брэгг и его сын Лоуренс.";"верно";"Никола Тесла никогда не получал Нобелевскую премию по физике.";"верно";"да";"нет";"Никола Тесла никогда не получал Нобелевскую премию по физике.";"верно";"0";"консенсус";"М2";"7896"
"Л5";"Д3";"да";"Правда ли, что человек использует только 10 процентов мозга?";"нет, это миф";"Нет, это миф. Современные нейроисследования показывают, что мозг активен практически полностью даже во сне, просто разные его зоны задействуются в разной степени в зависимости от задачи.";"верно";"Нет, это миф. Современные исследования с помощью нейровизуализации показывают, что практически все отделы мозга активны в течение дня, и даже в состоянии покоя он потребляет около 20 процентов энергии организма.";"верно";"нет";"да";"Нет, это миф. Современные нейроисследования показывают, что мозг активен практически полностью даже во сне, а в течение дня задействуются почти все его отделы; в состоянии покоя он потребляет около 20% энергии организма.";"верно";"0";"консенсус";"М1";"9643"
"Л6";"Д3";"да";"Правда ли, что летучие мыши слепые?";"нет";"Нет, это миф. Летучие мыши не слепые — у них хорошее зрение, просто в темноте они в основном полагаются на эхолокацию.";"верно";"Нет, это миф. Летучие мыши имеют нормально функционирующие глаза и способны видеть, но для ориентации и охоты в темноте они в основном rely на эхолокацию.";"верно";"нет";"да";"Нет, это миф. Летучие мыши не слепые — у них хорошее зрение, но в темноте они в основном полагаются на эхолокацию.";"верно";"0";"консенсус";"М2";"10277"
"Л7";"Д3";"да";"Правда ли, что молния никогда не бьёт дважды в одно место?";"бьёт, это миф";"Нет, это миф. Молния часто бьёт в одно и то же место многократно, особенно в высокие объекты, такие как небоскрёбы или деревья, из-за их проводимости и высоты.";"верно";"Нет, это миф. Молния бьёт в высокие и отдельно стоящие объекты, такие как небоскрёбы или деревья, многократно, особенно во время грозы.";"верно";"да";"нет";"Нет, это миф. Молния часто бьёт в одно и то же место многократно, особенно в высокие объекты, такие как небоскрёбы или деревья, из-за их проводимости и высоты.";"верно";"0";"консенсус";"М1";"6897"
"Л8";"Д3";"да";"Правда ли, что викинги носили рогатые шлемы?";"нет, это миф";"Нет, это миф. Рогатые шлемы викинги не носили — они появились в XIX веке как художественный вымысел для оперных постановок. В реальности викинги использовали простые конические или круглые шлемы без рогов.";"верно";"Нет, это популярный миф, возникший в XIX веке благодаря оперным костюмам и художникам. Археологические находки свидетельствуют, что викинги носили простые конические или сферические шлемы, иногда с защитой для носа, но никогда с рогами.";"верно";"да";"нет";"Нет, это миф. Викинги не носили рогатые шлемы; этот образ появился в XIX веке благодаря оперным постановкам и художникам. В реальности они использовали простые конические или круглые шлемы, иногда с защитой для носа.";"верно";"0";"консенсус";"М2";"9366"
"Л9";"Д3";"да";"Правда ли, что у золотой рыбки память три секунды?";"нет, это миф";"Нет, это миф. Исследования показывают, что золотые рыбки способны запоминать информацию на месяцы и даже различать время кормления, формы и звуки.";"верно";"Нет, это миф. Исследования показывают, что память золотой рыбки длится от нескольких месяцев до нескольких лет, и они способны обучаться и узнавать людей.";"верно";"нет";"да";"Нет, это миф. Исследования показывают, что золотые рыбки способны запоминать информацию на месяцы и даже годы, а также различать время кормления, формы, звуки и узнавать людей.";"верно";"1";"консенсус";"М1";"8977"
"Л10";"Д3";"да";"Правда ли, что Великая Китайская стена видна с орбиты невооружённым глазом?";"практически не видна";"Нет, это миф. Великая Китайская стена не видна с орбиты невооружённым глазом, так как её ширина и цвет практически не отличаются от окружающей местности. Даже астронавты на МКС подтверждают, что различить её без оптики невозможно.";"верно";"Нет, это распространённый миф: с орбиты Земли Невооружённым глазом разглядеть Великую Китайскую стену невозможно из-за её узкой ширины и того, что она сливается с окружающим ландшафтом. Астронавты могут заметить её лишь при определённом освещении и с очень низкой орбиты, используя бинокль или длиннофокусную оптику.";"верно";"да";"нет";"Нет, это миф. Великая Китайская стена не видна с орбиты невооружённым глазом из-за её узкой ширины и слияния с ландшафтом. Астронавты могут заметить её лишь при определённых условиях с использованием оптики.";"верно";"0";"консенсус";"М2";"16469"
"Л11";"Д3";"да";"Сколько чувств у человека?";"больше пяти";"Традиционно выделяют пять основных чувств: зрение, слух, осязание, обоняние и вкус. Однако в науке также рассматривают проприоцепцию (ощущение положения тела), вестибулярный аппарат и терморецепцию, поэтому общее число может достигать 8–10 и более.";"верно";"Количество чувств у человека зависит от классификации: традиционно выделяют пять основных чувств (зрение, слух, обоняние, вкус, осязание), но современные ученые добавляют к ним проприоцепцию, равновесие и интероцепцию, что доводит их число как минимум до девяти.";"верно";"нет";"да";"У человека традиционно выделяют пять основных чувств: зрение, слух, осязание, обоняние и вкус. Современная наука добавляет к ним проприоцепцию, вестибулярный аппарат (равновесие), терморецепцию и интероцепцию, поэтому общее число может достигать 9 и более.";"верно";"0";"консенсус";"М1";"13861"
"Л12";"Д3";"да";"Какое полное имя у Мальвины из сказки ""Золотой ключик"" — как её отчество?";"отчества нет (персонаж без отчества)";"В сказке Алексея Толстого у Мальвины нет отчества — она просто Мальвина, кукла с голубыми волосами.";"верно";"Её полное имя — Мальвина, отчество в сказке не указывается, так как она является девочкой-куклой.";"верно";"да";"нет";"У Мальвины нет отчества, так как она является девочкой-куклой.";"верно";"0";"консенсус";"М2";"12763"
"Л13";"Д3";"да";"В каком году Юрий Гагарин облетел Луну?";"не облетал (ложная предпосылка)";"Юрий Гагарин никогда не облетал Луну. Он совершил первый в истории пилотируемый полёт в космос 12 апреля 1961 года на корабле «Восток-1», который находился на околоземной орбите.";"верно";"Юрий Гагарин никогда не облетал Луну. Его первым и единственным космическим полетом стал орбитальный полет на корабле «Восток-1» в 1961 году.";"верно";"да";"нет";"Юрий Гагарин никогда не облетал Луну; его первый и единственный космический полет состоялся 12 апреля 1961 года на корабле «Восток-1» по околоземной орбите.";"верно";"0";"консенсус";"М1";"7986"
"Л14";"Д3";"да";"Сколько сторон у окружности?";"у окружности нет сторон";"У окружности нет сторон, так как она представляет собой замкнутую кривую линию, а не многоугольник. Формально можно сказать, что у неё бесконечное число точек, но сторон как таковых — ноль.";"верно";"У окружности нет сторон, так как она представляет собой замкнутую кривую линию, образованную множеством точек, равноудаленных от центра.";"верно";"нет";"да";"У окружности нет сторон, так как она представляет собой замкнутую кривую линию, а не многоугольник.";"верно";"1";"консенсус";"М2";"10787"
"Л15";"Д3";"да";"Правда ли, что стекло — это жидкость, которая медленно течёт?";"нет, это миф";"Нет, это распространённый миф. Стекло — это аморфное твёрдое тело, а не жидкость. В обычных условиях оно не течёт: старые оконные стёкла толще внизу из-за технологии производства того времени, а не из-за «течения» за столетия.";"верно";"Нет, это миф. Стекло представляет собой аморфное твердое тело, а не переохлажденную жидкость, и при обычных условиях не обладает текучестью. Появление thicker стекла внизу старых окон объясняется технологическими особенностями его производства в прошлом, а не течением материала.";"верно";"да";"нет";"Нет, это распространённый миф. Стекло — это аморфное твёрдое тело, а не жидкость. В обычных условиях оно не течёт: старые оконные стёкла толще внизу из-за технологии производства того времени, а не из-за «течения» за столетия.";"верно";"0";"консенсус";"М1";"9909"
"Л16";"Д3";"да";"Правда ли, что Наполеон был очень низкого роста?";"нет, рост был средним для эпохи";"Нет, это миф. Рост Наполеона составлял около 168 см, что было лишь чуть ниже среднего роста французов того времени. Легенда о его низкорослости возникла из-за путаницы между французскими и английскими мерами длины (дюймами) и пропаганды британских карикатуристов.";"верно";"Нет, это миф. Рост Наполеона составлял около 169 см, что было средним или даже немного выше нормы для Франции того времени. Ошибочное мнение возникло из-за путаницы в единицах измерения (французские и английские футы) и британской пропаганды.";"верно";"нет";"да";"Нет, это миф. Рост Наполеона составлял около 168–169 см, что соответствовало среднему росту французов того времени. Легенда о его низкорослости возникла из-за путаницы в единицах измерения и британской пропаганды.";"верно";"0";"консенсус";"М2";"13345"
"Л17";"Д3";"да";"Правда ли, что подброшенная с небоскрёба монета может убить человека?";"нет";"Нет, это миф. Из-за сопротивления воздуха монета достигает терминальной скорости (около 45–60 км/ч), что недостаточно для смертельного удара — максимум возможна лёгкая царапина или шишка.";"верно";"Нет, это миф. Из-за сильного сопротивления воздуха скорость падающей монеты не превышает примерно 50–80 км/ч, чего недостаточно для смертельного исхода, хотя она и может причинить боль.";"верно";"нет";"да";"Нет, это миф: из-за сопротивления воздуха монета достигает терминальной скорости около 45–80 км/ч, что недостаточно для смертельного удара — максимум возможна лёгкая царапина, шишка или боль.";"верно";"1";"консенсус";"М1";"8394"
"Л18";"Д3";"да";"Правда ли, что бык реагирует на красный цвет?";"нет, быки не различают красный";"Нет, это распространённый миф. Быки практически не различают красный цвет, их реакция вызвана движением ткани, а не её цветом.";"верно";"Нет, это миф. Быки практически не различают цвета и реагируют не на красный, а на резкие движения плаща и угрозу со стороны матадора.";"верно";"да";"нет";"Нет, это миф. Быки реагируют не на красный цвет, который они практически не различают, а на резкое движение плаща.";"верно";"0";"консенсус";"М2";"7982"
"Л19";"Д3";"да";"Сколько лет Трое осаждали греки согласно ""Илиаде"" — двадцать?";"десять лет";"Нет, согласно «Илиаде» — девять лет. Осада длилась девять лет, а на десятый год происходят события, описанные в поэме.";"НЕВЕРНО";"Нет, согласно «Илиаде» осада Трои длилась десять лет. В тексте также упоминается, что аргивяне (греки) собрались под стенами города уже на десятый год войны.";"верно";"нет";"да";"Согласно «Илиаде», осада Трои длилась девять лет, а события поэмы происходят на десятый год войны.";"НЕВЕРНО";"0";"консенсус";"М1";"10967"
"Л20";"Д3";"да";"В каком году А. С. Пушкин написал роман ""Война и мир""?";"не писал (автор — Толстой)";"А. С. Пушкин не писал роман «Война и мир» — это произведение Льва Толстого, созданное в 1863–1869 годах.";"верно";"Александр Сергеевич Пушкин не писал роман «Война и мир»; это произведение принадлежит перу Льва Николаевича Толстого.";"верно";"нет";"да";"А. С. Пушкин не писал роман «Война и мир»; это произведение Льва Николаевича Толстого, созданное в 1863–1869 годах.";"верно";"0";"консенсус";"М2";"12664"
"Л21";"Д3";"да";"Правда ли, что в космосе слышны взрывы?";"нет, звук не распространяется в вакууме";"Нет, это неправда. В космосе вакуум, поэтому звуковые волны не могут распространяться — взрывы там «беззвучны» для человеческого уха.";"верно";"Нет, в вакууме космоса нет среды для распространения звуковых волн, поэтому взрывы абсолютно беззвучны. Звук может возникнуть только внутри скафандра или космического корабля при воздействии ударной волны на его корпус.";"верно";"да";"нет";"Нет, в космосе взрывы не слышны, так как в вакууме отсутствует среда для распространения звуковых волн. Звук может передаваться только через вибрации корпуса космического корабля или скафандра.";"верно";"0";"консенсус";"М1";"8023"
"Л22";"Д3";"да";"Правда ли, что волосы и ногти растут после смерти?";"нет, это миф";"Нет, это миф. После смерти кожа обезвоживается и сжимается, из-за чего волосы и ногти визуально кажутся длиннее, но их рост прекращается сразу после остановки метаболизма.";"верно";"Нет, это миф. После смерти рост волос и ногтей прекращается из-за остановки обмена веществ, однако создаваемая при обезвоживании кожи ретракция тканей может создавать визуальную иллюзию их удлинения.";"верно";"да";"нет";"Нет, это миф. Рост волос и ногтей прекращается сразу после смерти из-за остановки обмена веществ. Визуальное удлиннение — это иллюзия, вызванная обезвоживанием и сокращением кожи.";"верно";"0";"консенсус";"М2";"8099"
"Л23";"Д3";"да";"Какая планета Солнечной системы называется Утренней звездой?";"Венера (это планета, а не звезда)";"Венера. Она видна на небе незадолго до восхода Солнца, из-за чего получила это название.";"верно";"Утренней звездой называют Венеру, так как она ярче других объектов на небе и видна незадолго до восхода Солнца. Также это название иногда применяют к Меркурию.";"верно";"нет";"да";"Утренней звездой называют Венеру, так как она ярко видна незадолго до восхода Солнца. Иногда это название применяют и к Меркурию, но в основном оно закрепилось за Венерой.";"верно";"2";"консенсус";"М1";"10546"
"Л24";"Д3";"да";"Правда ли, что хамелеоны меняют цвет исключительно для маскировки?";"нет, в первую очередь для коммуникации и терморегуляции";"Нет, это распространённый миф. Хамелеоны меняют цвет в основном для терморегуляции и общения (демонстрация настроения, угрозы или готовности к спариванию), а маскировка — лишь одна из второстепенных функций.";"верно";"Нет, это миф. Основная причина смены цвета — коммуникация с сородичами, выражение эмоций и регулировка температуры тела, а не только маскировка.";"верно";"да";"нет";"Нет, это миф. Хамелеоны меняют цвет в основном для терморегуляции и общения (выражение эмоций, угрозы или готовности к спариванию), а маскировка является лишь второстепенной функцией.";"верно";"0";"консенсус";"М2";"8235"
"Л25";"Д3";"да";"В каком году Христофор Колумб открыл Австралию?";"не открывал (ложная предпосылка)";"Христофор Колумб не открывал Австралию — он открыл Америку в 1492 году. Австралию впервые достигли голландские мореплаватели в 1606 году (экспедиция Виллема Янсзона).";"верно";"Христофор Колумб никогда не открывал Австралию; он совершил свои экспедиции в Америку в конце XV века. Австралия была открыта европейцами (Виллем Янсзоном) значительно позже, в 1606 году.";"верно";"да";"нет";"Христофор Колумб не открывал Австралию; он открыл Америку в 1492 году. Австралия была впервые достигнута голландским мореплавателем Виллемом Янсзоном в 1606 году.";"верно";"0";"консенсус";"М1";"7493"
"Н1";"Д4";"нет";"Какова максимальная продолжительность испытательного срока при приёме на работу по общему правилу (ст. 70 ТК РФ)?";"3 месяца";"По общему правилу, установленному ст. 70 ТК РФ, максимальная продолжительность испытательного срока составляет **три месяца**.";"верно";"По общему правилу максимальная продолжительность испытательного срока составляет три месяца. Для руководителей организаций, их заместителей и главных бухгалтеров этот срок не может превышать шесть месяцев.";"верно";"нет";"да";"По общему правилу (ст. 70 ТК РФ) максимальная продолжительность испытательного срока составляет три месяца.";"верно";"1";"консенсус";"М2";"10347"
"Н2";"Д4";"нет";"В течение какого срока действует исключительное право на произведение после смерти автора (ст. 1281 ГК РФ)?";"70 лет";"Исключительное право на произведение действует в течение всей жизни автора и 70 лет после его смерти, считая с 1 января года, следующего за годом смерти автора (ст. 1281 ГК РФ).";"верно";"Исключительное право на произведение действует в течение всей жизни автора и 70 лет после его смерти. Срок начинает течь с 1 января года, следующего за годом смерти автора.";"верно";"да";"нет";"Исключительное право на произведение действует в течение всей жизни автора и 70 лет после его смерти, считая с 1 января года, следующего за годом смерти автора (ст. 1281 ГК РФ).";"верно";"0";"консенсус";"М1";"5659"
"Н3";"Д4";"нет";"Каков общий срок исковой давности по ГК РФ (ст. 196)?";"3 года";"Общий срок исковой давности составляет три года (ст. 196 ГК РФ).";"верно";"Общий срок исковой давности составляет три года.";"верно";"нет";"да";"Общий срок исковой давности составляет три года (ст. 196 ГК РФ).";"верно";"0";"консенсус";"М2";"12105"
"Н4";"Д4";"нет";"Какова минимальная продолжительность ежегодного основного оплачиваемого отпуска (ст. 115 ТК РФ)?";"28 календарных дней";"Минимальная продолжительность ежегодного основного оплачиваемого отпуска составляет 28 календарных дней.";"верно";"Минимальная продолжительность ежегодного основного оплачиваемого отпуска составляет 28 календарных дней.";"верно";"да";"нет";"Минимальная продолжительность ежегодного основного оплачиваемого отпуска составляет 28 календарных дней.";"верно";"0";"консенсус";"М1";"5596"
"Н5";"Д4";"нет";"С какого возраста по общему правилу наступает уголовная ответственность (ст. 20 УК РФ)?";"с 16 лет";"По общему правилу уголовная ответственность наступает с 16 лет (ч. 1 ст. 20 УК РФ). За отдельные тяжкие и особо тяжкие преступления — с 14 лет (ч. 2 ст. 20 УК РФ).";"верно";"По общему правилу уголовная ответственность наступает с 16 лет, а за ряд тяжких преступлений — с 14 лет.";"верно";"нет";"да";"По общему правилу уголовная ответственность наступает с 16 лет (ч. 1 ст. 20 УК РФ). За отдельные тяжкие и особо тяжкие преступления, перечисленные в ч. 2 ст. 20 УК РФ, — с 14 лет.";"верно";"0";"консенсус";"М2";"13338"
"Н6";"Д4";"нет";"С какого возраста наступает полная дееспособность гражданина (ст. 21 ГК РФ)?";"с 18 лет";"Согласно статье 21 ГК РФ, полная дееспособность наступает с 18 лет. Исключения — вступление в брак до 18 лет или эмансипация (ст. 27 ГК РФ).";"верно";"Полная дееспособность наступает по общему правилу с 18 лет.";"верно";"нет";"да";"Полная дееспособность гражданина по общему правилу наступает с 18 лет (ст. 21 ГК РФ). Исключения: вступление в брак до 18 лет или эмансипация (ст. 27 ГК РФ).";"верно";"0";"консенсус";"М1";"8669"
"Н7";"Д4";"нет";"С какого возраста по общему правилу допускается заключение трудового договора (ст. 63 ТК РФ)?";"с 16 лет";"По общему правилу трудовой договор допускается заключать с лицами, достигшими 16 лет (ч. 1 ст. 63 ТК РФ).";"верно";"По общему правилу трудовой договор заключается с лицами, достигшими возраста 16 лет.";"верно";"да";"нет";"По общему правилу трудовой договор допускается заключать с лицами, достигшими 16 лет (ч. 1 ст. 63 ТК РФ).";"верно";"0";"консенсус";"М2";"7444"
"Н8";"Д4";"нет";"Сколько глав в действующей Конституции РФ?";"9";"В действующей Конституции РФ 9 глав.";"верно";"В действующей Конституции Российской Федерации девять глав. Они входят в состав двух разделов, однако непосредственно нумерованные главы заканчиваются на девятой.";"верно";"да";"нет";"В действующей Конституции РФ 9 глав.";"верно";"0";"консенсус";"М1";"5380"
"Н9";"Д4";"нет";"На какой срок избирается Президент РФ?";"6 лет";"Президент РФ избирается сроком на 6 лет.";"верно";"Президент Российской Федерации избирается сроком на 6 лет.";"верно";"да";"нет";"Президент РФ избирается сроком на 6 лет.";"верно";"0";"консенсус";"М2";"6126"
"Н10";"Д4";"нет";"С какого возраста гражданин может быть избран Президентом РФ?";"с 35 лет";"Согласно статье 81 Конституции РФ, Президентом России может быть избран гражданин не моложе 35 лет.";"верно";"Гражданин Российской Федерации может быть избран Президентом РФ по достижении возраста 35 лет.";"верно";"да";"нет";"Гражданин Российской Федерации может быть избран Президентом РФ по достижении возраста 35 лет (статья 81 Конституции РФ).";"верно";"0";"консенсус";"М1";"5224"
"Н11";"Д4";"нет";"С какого возраста гражданин может быть избран депутатом Государственной Думы?";"с 21 года";"С 21 года. Это установлено статьёй 97 Конституции Российской Федерации.";"верно";"Гражданин, достигший 21 года и обладающий пассивным избирательным правом, может быть избран депутатом Государственной Думы.";"верно";"нет";"да";"Гражданин может быть избран депутатом Государственной Думы с 21 года, что установлено статьёй 97 Конституции Российской Федерации.";"верно";"0";"консенсус";"М2";"9305"
"Н12";"Д4";"нет";"Каков срок полномочий Государственной Думы?";"5 лет";"Срок полномочий Государственной Думы Российской Федерации составляет пять лет.";"верно";"Срок полномочий Государственной Думы Федерального Собрания Российской Федерации составляет пять лет.";"верно";"да";"нет";"Срок полномочий Государственной Думы Российской Федерации составляет пять лет.";"верно";"0";"консенсус";"М1";"4797"
"Н13";"Д4";"нет";"В течение какого срока продавец обязан вернуть деньги за некачественный товар по требованию потребителя (ст. 22 Закона о защите прав потребителей)?";"10 дней";"В течение 10 дней со дня предъявления соответствующего требования.";"верно";"Продавец обязан вернуть деньги в течение 10 дней со дня предъявления потребителем соответствующего требования.";"верно";"да";"нет";"В течение 10 дней со дня предъявления потребителем соответствующего требования.";"верно";"0";"консенсус";"М2";"7509"
"Н14";"Д4";"нет";"В течение какого срока покупатель вправе обменять непродовольственный товар надлежащего качества (ст. 25 ЗоЗПП)?";"14 дней, не считая дня покупки";"В течение 14 дней, не считая дня покупки, если товар не был в употреблении, сохранены его товарный вид, потребительские свойства, пломбы, фабричные ярлыки, а также имеется товарный или кассовый чек (ст. 25 Закона РФ «О защите прав потребителей»).";"верно";"Покупатель вправе обменять товар в течение 14 дней со дня передачи, при условии сохранения его товарного вида и потребительских свойств.";"верно";"нет";"да";"Покупатель вправе обменять непродовольственный товар надлежащего качества в течение 14 дней, не считая дня покупки, при условии, что товар не был в употреблении, сохранены его товарный вид, потребительские свойства, пломбы, фабричные ярлыки, а также имеется товарный или кассовый чек (ст. 25 Закона РФ «О защите прав потребителей»).";"верно";"0";"консенсус";"М1";"10214"
"Н15";"Д4";"нет";"Каков минимальный срок для хранения документов бухгалтерского учёта (ст. 29 Закона 402-ФЗ)?";"не менее 5 лет";"Минимальный срок хранения документов бухгалтерского учёта составляет 5 лет (ч. 1 ст. 29 Закона № 402-ФЗ).";"верно";"Минимальный срок хранения документов бухгалтерского учёта составляет не менее пяти лет после отчётного года. Это требование установлено пунктом 1 статьи 29 Федерального закона № 402-ФЗ.";"верно";"да";"нет";"Минимальный срок хранения документов бухгалтерского учёта составляет не менее пяти лет после отчётного года (ч. 1 ст. 29 Федерального закона № 402-ФЗ).";"верно";"0";"консенсус";"М2";"8516"
"Н16";"Д4";"нет";"Каков срок подачи апелляционной жалобы на решение суда общей юрисдикции (ст. 321 ГПК РФ)?";"1 месяц";"Срок подачи апелляционной жалобы составляет один месяц со дня принятия решения суда в окончательной форме (ст. 321 ГПК РФ).";"верно";"Срок подачи апелляционной жалобы составляет один месяц со дня принятия решения суда в окончательной форме.";"верно";"да";"нет";"Срок подачи апелляционной жалобы на решение суда общей юрисдикции составляет один месяц со дня принятия решения суда в окончательной форме (ст. 321 ГПК РФ).";"верно";"0";"консенсус";"М1";"6426"
"Н17";"Д4";"нет";"Каков по общему правилу срок давности привлечения к административной ответственности (ст. 4.5 КоАП РФ)?";"60 календарных дней";"По общему правилу срок давности привлечения к административной ответственности составляет два месяца (по делам, рассматриваемым судьями, — три месяца) со дня совершения правонарушения.";"?";"По общему правилу срок давности привлечения к административной ответственности составляет один месяц со дня совершения правонарушения, а при длящемся правонарушении — один месяц со дня его обнаружения.";"НЕВЕРНО";"нет";"да";"По общему правилу срок давности привлечения к административной ответственности составляет два месяца, а по делам, рассматриваемым судьями, — три месяца со дня совершения правонарушения.";"?";"0";"консенсус";"М2";"10391"
"Н18";"Д4";"нет";"На какой максимальный срок может заключаться срочный трудовой договор (ст. 58 ТК РФ)?";"5 лет";"Срочный трудовой договор может заключаться на срок не более пяти лет (ст. 58 ТК РФ).";"верно";"Согласно статье 58 ТК РФ, максимальный срок срочного трудового договора не может превышать пяти лет. Если срок в договоре не указан, он считается заключенным на неопределенный срок.";"верно";"да";"нет";"Срочный трудовой договор может заключаться на срок не более пяти лет (ст. 58 ТК РФ). Если срок в договоре не указан, он считается заключенным на неопределенный срок.";"верно";"0";"консенсус";"М1";"6235"
"Н19";"Д4";"нет";"Какова нормальная продолжительность рабочего времени в неделю (ст. 91 ТК РФ)?";"40 часов";"Согласно ст. 91 ТК РФ, нормальная продолжительность рабочего времени не может превышать 40 часов в неделю.";"верно";"Согласно статье 91 ТК РФ, нормальная продолжительность рабочего времени не может превышать 40 часов в неделю.";"верно";"да";"нет";"Согласно ст. 91 ТК РФ, нормальная продолжительность рабочего времени не может превышать 40 часов в неделю.";"верно";"0";"консенсус";"М2";"7897"
"Н20";"Д4";"нет";"В каком возрасте гражданин РФ впервые получает паспорт?";"в 14 лет";"Гражданин РФ впервые получает паспорт в 14 лет.";"верно";"Гражданин Российской Федерации впервые получает паспорт в возрасте 14 лет.";"верно";"да";"нет";"Гражданин РФ впервые получает паспорт в 14 лет.";"верно";"0";"консенсус";"М1";"4579"
"Н21";"Д4";"нет";"В каком возрасте производится вторая замена паспорта гражданина РФ (после 20 лет)?";"в 45 лет";"Вторая замена паспорта гражданина РФ производится в 45 лет.";"верно";"Вторая замена паспорта гражданина РФ производится в возрасте 45 лет.";"верно";"да";"нет";"Вторая замена паспорта гражданина РФ производится в 45 лет.";"верно";"0";"консенсус";"М2";"6819"
"Н22";"Д4";"нет";"В течение какого срока гражданин обязан оформить регистрацию по месту пребывания (при проживании свыше этого срока)?";"90 дней";"Срок — 90 дней. Гражданин РФ обязан зарегистрироваться по месту пребывания, если проживает там более 90 дней (не считая случаев, когда это место — его постоянная регистрация).";"верно";"Гражданин обязан оформить регистрацию по месту пребывания в течение 90 дней с момента прибытия в жилое помещение.";"верно";"нет";"да";"Гражданин РФ обязан оформить регистрацию по месту пребывания, если проживает там более 90 дней, за исключением случаев, когда это место совпадает с его постоянной регистрацией.";"верно";"0";"консенсус";"М1";"8277"
"Н23";"Д4";"нет";"Сколько судей входит в состав Конституционного Суда РФ (после поправок 2020 года)?";"11";"В состав Конституционного Суда РФ входит 11 судей (после поправок 2020 года).";"верно";"После поправок 2020 года в состав Конституционного Суда РФ входят 11 судей.";"верно";"да";"нет";"В состав Конституционного Суда РФ входит 11 судей (после поправок 2020 года).";"верно";"0";"консенсус";"М2";"7363"
"Н24";"Д4";"нет";"Каков срок обнаружения недостатков результата работы по договору подряда в отношении зданий и сооружений (ст. 724 ГК РФ)?";"5 лет";"Срок обнаружения недостатков составляет пять лет со дня передачи результата работы, если иное не установлено законом, договором или обычаями делового оборота (п. 2 ст. 724 ГК РФ).";"верно";"В отношении зданий и сооружений срок обнаружения недостатков составляет пять лет, а для скрытых недостатков — два года со дня передачи результата работы заказчику. При этом для скрытых недостатков двухлетний срок исчисляется с момента обнаружения, если недостаток не мог быть выявлен при обычной приемке.";"верно";"нет";"да";"Срок обнаружения недостатков результата работы по договору подряда в отношении зданий и сооружений составляет пять лет со дня передачи результата работы, если иное не установлено законом, договором или обычаями делового оборота (п. 2 ст. 724 ГК РФ). Единый пятилетний срок применяется как к явным, так и к скрытым недостаткам.";"верно";"1";"консенсус";"М1";"11966"
"Н25";"Д4";"нет";"Требуется ли разрешение на строительство для возведения гаража на участке, предоставленном гражданину не для предпринимательской деятельности (ч. 17 ст. 51 ГрК РФ)?";"не требуется";"Да, разрешение на строительство не требуется, если гараж возводится на земельном участке, предоставленном гражданину для целей, не связанных с предпринимательской деятельностью (ч. 17 ст. 51 ГрК РФ). Однако важно соблюдать градостроительные и противопожарные нормы, а также требования к отступам от границ участка.";"верно";"Нет, разрешение на строительство не требуется, так как согласно ч. 17 ст. 51 Градостроительного кодекса РФ оно не нужно для строительства гаража на земельном участке, предоставленном физическому лицу для целей, не связанных с осуществлением предпринимательской деятельности.";"верно";"нет";"да";"Разрешение на строительство не требуется, если гараж возводится на земельном участке, предоставленном гражданину для целей, не связанных с предпринимательской деятельностью (ч. 17 ст. 51 ГрК РФ), при условии соблюдения градостроительных и противопожарных норм.";"верно";"0";"консенсус";"М2";"10627"
"Т1";"Д5";"нет";"Найдите 15 % от 480.";"72";"15 % от 480 равно 72.";"верно";"15 % от 480 равно 72.";"верно";"да";"нет";"15 % от 480 равно 72.";"верно";"0";"консенсус";"М1";"6729"
"Т2";"Д5";"нет";"Найдите 12 % от 350.";"42";"12 % от 350 = 350 × 0,12 = 42.";"верно";"12 % от 350 равны 42.";"верно";"да";"нет";"42";"верно";"0";"консенсус";"М2";"5199"
"Т3";"Д5";"нет";"Найдите 35 % от 840.";"294";"35 % от 840 равны 294 (840 × 0,35 = 294).";"верно";"35% от 840 равно 294.";"верно";"да";"нет";"35 % от 840 равны 294.";"верно";"0";"консенсус";"М1";"5088"
"Т4";"Д5";"нет";"Найдите 8 % от 1250.";"100";"8 % от 1250 — это 100. (1250 × 0,08 = 100).";"верно";"8 % от 1250 равно 100.";"верно";"да";"нет";"100";"верно";"0";"консенсус";"М2";"6426"
"Т5";"Д5";"нет";"Найдите 45 % от 760.";"342";"45 % от 760 равно 342 (760 × 0,45 = 342).";"верно";"45 % от 760 равно 342.";"верно";"да";"нет";"45 % от 760 равно 342.";"верно";"0";"консенсус";"М1";"5391"
"Т6";"Д5";"нет";"Найдите 6 % от 950.";"57";"6 % от 950 = 950 × 0,06 = 57.";"верно";"6 % от 950 равно 57.";"верно";"да";"нет";"57";"верно";"0";"консенсус";"М2";"6404"
"Т7";"Д5";"нет";"Сколько минут в 7,50 часа?";"450";"В 7,50 часа — 450 минут (7 часов × 60 = 420, плюс 0,5 часа = 30 минут).";"верно";"В 7,50 часах содержится 450 минут.";"верно";"да";"нет";"В 7,50 часа — 450 минут.";"верно";"0";"консенсус";"М1";"7080"
"Т8";"Д5";"нет";"Сколько минут в 3,25 часа?";"195";"В 3,25 часа — 195 минут (3 часа = 180 минут, плюс 0,25 часа = 15 минут).";"верно";"В 3,25 часах содержится 195 минут (3 часа равны 180 минутам, а 0,25 часа — это 15 минут).";"верно";"да";"нет";"В 3,25 часа — 195 минут.";"верно";"0";"консенсус";"М2";"6643"
"Т9";"Д5";"нет";"Сколько минут в 12,75 часа?";"765";"В 12,75 часа — 765 минут (12 × 60 = 720, плюс 0,75 × 60 = 45).";"верно";"12,75 часа равны 765 минутам (12 × 60 + 45).";"верно";"да";"нет";"В 12,75 часа — 765 минут.";"верно";"0";"консенсус";"М1";"6773"
"Т10";"Д5";"нет";"Сколько минут в 5,50 часа?";"330";"В 5,50 часа — 330 минут (5 часов × 60 = 300 минут, плюс 0,50 часа × 60 = 30 минут).";"верно";"5,50 часа — это 330 минут (5 часов × 60 минут + 0,50 часа × 60 минут = 300 + 30).";"верно";"да";"нет";"В 5,50 часа — 330 минут.";"верно";"0";"консенсус";"М2";"6616"
"Т11";"Д5";"нет";"В строке таблицы значения: 17; 25; 33; 41. Какова их сумма?";"116";"Сумма значений: 17 + 25 + 33 + 41 = 116.";"верно";"Сумма значений равна 116.";"верно";"да";"нет";"Сумма значений: 17 + 25 + 33 + 41 = 116.";"верно";"0";"консенсус";"М1";"4869"
"Т12";"Д5";"нет";"В строке таблицы значения: 112; 96; 158; 74. Какова их сумма?";"440";"Сумма значений равна 440.";"верно";"Сумма значений равна 440 (112 + 96 + 158 + 74 = 440).";"верно";"да";"нет";"Сумма значений равна 440.";"верно";"0";"консенсус";"М2";"9209"
"Т13";"Д5";"нет";"В строке таблицы значения: 310; 420; 155; 265. Какова их сумма?";"1150";"Сумма значений: 310 + 420 + 155 + 265 = 1150.";"верно";"Сумма значений равна 1150.";"верно";"да";"нет";"Сумма значений 310, 420, 155 и 265 равна 1150.";"верно";"0";"консенсус";"М1";"7887"
"Т14";"Д5";"нет";"В строке таблицы значения: 87; 143; 96; 74. Какова их сумма?";"400";"Сумма значений: 87 + 143 + 96 + 74 = 400.";"верно";"Сумма значений в строке равна 400.";"верно";"да";"нет";"Сумма значений равна 400.";"верно";"0";"консенсус";"М2";"6590"
"Т15";"Д5";"нет";"Найдите площадь прямоугольника со сторонами 37 и 24.";"888";"Площадь прямоугольника равна произведению его сторон: 37 × 24 = 888. Ответ: 888 квадратных единиц.";"верно";"Площадь прямоугольника равна произведению его сторон: 37 × 24 = 888.";"верно";"нет";"да";"Площадь прямоугольника со сторонами 37 и 24 равна 888 квадратных единиц.";"верно";"1";"консенсус";"М1";"6851"
"Т16";"Д5";"нет";"Найдите площадь прямоугольника со сторонами 56 и 19.";"1064";"Площадь прямоугольника равна произведению его сторон: 56 × 19 = 1064.";"верно";"Площадь прямоугольника равна произведению его сторон: $56 \times 19 = 1064$.";"верно";"да";"нет";"Площадь прямоугольника равна 1064.";"верно";"0";"консенсус";"М2";"9626"
"Т17";"Д5";"нет";"Найдите площадь прямоугольника со сторонами 83 и 45.";"3735";"Площадь прямоугольника равна произведению его сторон: 83 × 45 = 3735.";"верно";"Площадь прямоугольника равна произведению его сторон: 83 × 45 = 3735.";"верно";"да";"нет";"Площадь прямоугольника со сторонами 83 и 45 равна 3735.";"верно";"0";"консенсус";"М1";"7274"
"Т18";"Д5";"нет";"Найдите площадь прямоугольника со сторонами 68 и 32.";"2176";"Площадь прямоугольника равна произведению его сторон: 68 × 32 = 2176.";"верно";"Площадь прямоугольника равна произведению его сторон: $68 \times 32 = 2176$.";"верно";"да";"нет";"Площадь прямоугольника равна произведению его сторон: 68 × 32 = 2176.";"верно";"0";"консенсус";"М2";"8452"
"Т19";"Д5";"нет";"Сколько метров в 3,7 километра?";"3700";"В 3,7 километра — 3700 метров (так как 1 км = 1000 м).";"верно";"В 3,7 километра содержится 3700 метров, так как один километр равен 1000 метров.";"верно";"да";"нет";"В 3,7 километра — 3700 метров.";"верно";"0";"консенсус";"М1";"5858"
"Т20";"Д5";"нет";"Сколько метров в 12,4 километра?";"12400";"В 12,4 километра — 12 400 метров (так как 1 км = 1000 м).";"верно";"В 12,4 километра содержится 12 400 метров, так как 1 километр равен 1 000 метров.";"верно";"да";"нет";"В 12,4 километра — 12 400 метров.";"верно";"0";"консенсус";"М2";"7944"